Time_s,L5S1 (low back / sacrum),RLAKN (right knee),RASIS (right hip / pelvis),RLAMA (right ankle),RDIFT (right toe / forefoot)
0.0,970.65802,485.686005,955.155701,77.812355,92.603058
0.004,970.409241,485.541229,954.840332,75.776543,89.116348
0.008,970.433777,485.833649,954.1539310000001,74.533188,84.79525
0.012,970.779785,485.957153,953.667664,73.569519,79.469223
0.016,971.429199,485.891541,953.30426,72.340652,73.60022
0.02,970.292542,485.841888,952.799561,72.788574,68.084045
0.024,970.308228,485.651001,952.386414,72.486305,63.326988
0.028,972.682617,485.709564,952.213989,72.110527,59.173996
0.032,970.922852,486.274597,952.691223,73.503662,56.239479
0.036,970.677246,486.903748,953.224731,73.182602,53.738567
0.04,971.319031,486.726685,953.234009,72.857208,51.263504
0.044,970.228027,487.271729,952.957275,72.533531,50.028111
0.048,971.226257,488.045044,952.256836,71.865982,49.323055
0.052,971.349609,488.546204,953.665833,71.784317,48.333153
0.056,972.764832,487.983154,954.42749,71.868523,47.429989
0.06,973.277588,490.4505,954.918945,72.179771,46.924068
0.064,973.813171,492.365509,955.731812,72.78376,46.61554
0.068,975.695129,494.023926,956.752258,73.807411,46.255424
0.072,975.609009,495.183899,958.094177,74.672234,45.841511
0.076,974.775208,495.794617,959.950439,74.639824,45.367535
0.08,974.766113,496.547119,961.852356,74.515228,44.583618
0.084,975.499939,498.345245,963.606018,74.666328,42.935101
0.088,976.036255,497.975006,965.279175,74.575432,42.994434
0.092,976.971252,498.218475,967.170776,74.459381,43.673962
0.096,978.100403,498.676392,968.780396,74.629539,43.915401
0.1,977.210144,499.005798,970.296326,74.852203,43.896595
0.104,979.239563,499.185089,971.968506,75.18409,43.814201
0.108,980.095947,498.973328,973.277039,75.350029,43.754055
0.112,980.387024,498.198364,974.640564,75.272903,43.731079
0.116,981.006958,497.818512,976.394104,75.118637,43.719589
0.12,984.06897,498.161163,978.039001,75.041504,43.719589
0.124,982.575867,498.341766,978.890259,75.041504,43.719589
0.128,983.189209,498.306335,979.228699,75.041504,43.719589
0.132,982.875977,497.90976,979.976807,75.041504,43.707329
0.136,984.271667,497.359039,980.887451,75.041504,43.695068
0.14,985.500549,497.522247,981.534424,75.037888,43.707329
0.144,986.052124,496.964539,981.963623,75.034271,43.719589
0.148,986.5672,497.026642,982.078491,75.037888,43.719589
0.152,987.183167,497.554626,981.968994,75.041504,43.707329
0.156,987.733032,497.86731,981.846741,75.037888,43.695068
0.16,988.293396,497.96875,981.3703,75.034271,43.707329
0.164,989.262268,497.728302,981.334778,75.037888,43.719589
0.168,990.366333,497.118073,981.609314,75.041504,43.719589
0.172,990.654175,497.22821,982.007996,75.041504,43.719589
0.176,990.992981,497.334869,982.058472,75.041504,43.719589
0.18,991.961548,497.25354,981.337463,74.987465,43.719589
0.184,992.405762,496.966125,980.811584,74.879372,43.719589
0.188,993.587463,496.928894,981.531555,74.825333,43.719589
0.192,994.771118,497.072937,982.58252,74.825333,43.719589
0.196,995.171448,497.045746,983.27063,74.825333,43.719589
0.2,995.429688,496.873749,984.018311,74.825333,43.719589
0.204,995.999695,496.65567,984.836365,74.825333,43.719589
0.208,996.749329,496.774231,985.487061,74.825333,43.719589
0.212,996.918884,496.836731,986.62323,74.825333,43.719589
0.216,998.767395,496.221863,987.108704,74.825333,43.719589
0.22,998.214966,495.67572,987.65979,74.825333,43.719589
0.224,998.794495,495.541626,988.621948,74.879372,43.719589
0.228,998.900757,495.455963,989.500122,74.987465,43.719589
0.232,999.263123,495.401581,990.490601,75.175842,43.719589
0.236,1000.161377,495.481995,990.948242,75.396217,43.719589
0.24,1001.125183,495.404205,991.042419,75.433968,43.719589
0.244,1001.6073,494.915131,991.795715,75.700607,43.719589
0.248,1001.721252,494.641449,992.518738,76.645393,43.719589
0.252,1002.453735,494.898132,992.83667,76.747566,43.719589
0.256,1003.10376,495.135406,993.603699,77.054092,43.719589
0.26,1002.976746,495.1875,992.380432,76.320679,43.719589
0.264,1002.971924,495.114746,992.261719,76.643188,43.719589
0.268,1003.367432,494.852722,992.62677,76.753326,43.719589
0.272,1003.594849,494.66861,993.202332,76.753326,43.719589
0.276,1005.391602,494.559296,993.655396,76.917648,43.719589
0.28,1004.204346,494.36731,993.693298,76.588997,43.719589
0.284,1004.557312,494.295868,993.43988,77.118866,43.719589
0.288,1005.083557,494.35437,993.933289,77.142555,43.719589
0.292,1005.226685,494.259003,993.170227,76.911285,43.719589
0.296,1004.763794,494.008575,993.959961,76.958832,43.719589
0.3,1005.797363,493.775665,993.589417,77.073318,43.719589
0.304,1006.528564,493.475525,992.599182,77.233856,43.719589
0.308,1007.0578,493.185059,993.299316,77.554924,43.719589
0.312,1006.984802,493.003784,993.366638,77.783958,43.719589
0.316,1006.495361,492.849548,992.554504,77.920952,43.719589
0.32,1005.966553,492.414185,992.793335,77.92292,43.654587
0.324,1005.890991,491.726074,992.471802,77.8564,43.505062
0.328,1006.39325,492.484467,992.450989,77.92292,43.42054
0.332,1006.756348,492.423737,992.154175,78.068169,43.44006
0.336,1006.740662,492.423737,991.910889,78.146896,43.50843
0.34,1006.289429,492.483307,991.911438,78.146896,43.687454
0.344,1005.822144,492.497375,991.533142,78.234146,43.898949
0.348,1005.837219,492.376678,991.522217,78.49865,43.980274
0.352,1005.703491,492.246399,990.924194,78.844627,43.980274
0.356,1005.152954,492.030334,990.223572,79.013344,43.980274
0.36,1004.897461,491.717041,990.099731,79.013344,43.980274
0.364,1004.876953,492.091064,990.15271,79.111763,43.980274
0.368,1004.525879,492.020935,989.931885,79.210175,43.980274
0.372,1003.855042,491.708893,989.480896,79.08744,43.980274
0.376,1003.358215,491.527313,988.883667,79.022224,43.980274
0.38,1003.303345,491.54129,988.412903,79.161613,43.94783
0.384,1002.858032,491.535278,987.866089,79.323891,43.93111
0.388,1001.99646,491.847992,987.120117,79.522606,43.931694
0.392,1001.456543,491.229034,986.169312,79.678772,43.853233
0.396,1001.245178,491.139404,985.53241,79.966408,43.789917
0.4,1001.191711,491.363922,985.009827,80.715706,43.75127
0.404,1000.697937,491.578888,984.617004,81.14418,43.673981
0.408,1000.068604,491.829651,984.315308,81.411308,43.635338
0.412,999.86908,491.794006,983.676025,81.976837,43.635338
0.416,999.513916,491.537231,983.201599,82.642632,43.635338
0.42,998.927002,491.592499,982.701111,83.140816,43.567825
0.424,998.358337,491.709442,982.621704,83.718361,43.577641
0.428,997.170959,491.750977,981.209778,84.152992,43.944649
0.432,995.972046,492.050964,980.8302,84.311394,43.852238
0.436,995.195129,492.564178,980.750427,84.727425,44.00589
0.44,994.820251,493.052429,979.829468,85.638222,43.911221
0.444,994.217102,493.517426,978.302795,86.384865,43.710629
0.448,993.392456,494.0784,977.936829,86.723907,43.819492
0.452,992.603333,494.415741,978.101135,87.032631,43.894711
0.456,991.502808,494.41861,977.622925,87.348373,43.846539
0.46,990.696899,494.664032,977.072327,88.101067,43.894711
0.464,990.439575,495.192413,975.595276,89.418419,43.942879
0.468,989.666199,494.265839,975.163635,90.432045,43.942879
0.472,988.215393,494.849091,974.621338,91.098984,43.942879
0.476,987.207397,494.989716,974.032715,91.826462,43.782597
0.48,987.000488,495.261383,973.566223,92.495567,43.462032
0.484,986.152954,495.243866,973.428345,93.292648,43.285427
0.488,984.113342,494.986725,972.38031,94.488686,43.269104
0.492,984.681213,494.906677,971.446472,95.531204,43.199516
0.496,982.848511,494.910492,970.527527,96.322418,43.044014
0.5,982.45166,494.776428,969.615601,97.398788,42.950314
0.504,982.674927,494.403259,968.826233,98.173851,42.888634
0.508,981.062439,494.142792,968.402771,98.835609,42.788647
0.512,979.70282,493.934967,967.851318,100.312149,42.6106
0.516,980.513062,493.509399,967.198853,101.96743,42.478649
0.52,979.033264,493.215332,966.743103,103.230148,42.374146
0.524,978.240112,493.135101,965.931763,104.374702,42.03318
0.528,977.791138,493.076294,964.685364,105.342278,41.903648
0.532,977.099976,492.745575,964.161804,106.807014,42.117496
0.536,977.568604,492.264893,963.599915,108.881248,42.326702
0.54,976.825378,492.112,963.425598,110.426949,42.284042
0.544,974.563904,491.996033,962.924194,112.094269,41.644669
0.548,974.721924,491.780396,962.493591,114.147591,42.093704
0.552,975.347534,490.90567,961.75946,115.744713,42.243385
0.556,974.586487,489.833374,960.841675,117.567345,42.033829
0.56,973.735107,489.490723,960.152893,120.213364,41.73605
0.564,973.975647,489.796814,959.314941,122.124283,41.720688
0.568,972.135742,489.468536,958.522156,124.556587,41.956169
0.572,971.045288,488.951294,958.267395,126.361282,42.303722
0.576,971.873718,488.458832,958.167725,128.632706,42.327583
0.58,971.878113,488.17572,956.383606,131.383896,42.046062
0.584,970.608093,488.35141,956.695129,134.141922,41.839149
0.588,971.421509,488.571808,956.683289,137.047165,41.660625
0.592,972.273865,488.257751,956.811646,140.202927,41.507851
0.596,972.208801,487.300842,956.398743,143.081146,41.39901
0.6,971.583374,486.875061,955.979248,145.998444,41.173935
0.604,971.116882,485.821228,956.112061,149.492813,40.6427
0.608,972.111328,484.44873,955.68811,153.197342,40.111691
0.612,973.802673,482.858459,955.230896,157.120499,40.076546
0.616,972.840149,483.434143,955.004028,160.017776,40.169373
0.62,974.942627,482.811188,954.94696,163.778442,39.780575
0.624,974.06543,481.786865,955.294678,167.02681,38.901924
0.628,976.926392,480.335144,956.021362,170.213989,38.228718
0.632,977.328003,478.861053,956.571472,172.951324,38.217838
0.636,976.534363,477.684875,956.380005,174.72644,38.546402
0.64,977.913879,476.721466,956.478699,177.846161,39.253239
0.644,979.798584,475.726044,957.538391,180.993713,39.90694
0.648,981.389587,474.642975,958.319214,183.818939,40.070709
0.652,982.400269,473.614838,959.154053,185.679932,42.505302
0.656,981.98468,472.853149,959.818848,189.548508,44.297878
0.66,981.944946,471.245087,961.076782,192.484573,46.620552
0.664,983.156006,469.888611,961.488708,195.422028,49.375332
0.668,984.260986,469.747559,962.304993,198.600479,51.98299
0.672,984.789734,470.098053,963.249756,202.812485,55.178978
0.676,985.545166,469.667328,964.217896,205.892059,58.701069
0.68,986.117493,469.736969,965.137024,208.70636,61.251289
0.684,986.378662,469.348328,965.501343,212.040558,63.622242
0.688,986.753784,469.61203,965.9508060000001,215.659409,65.207848
0.692,987.49408,469.959625,966.76947,218.569397,70.093491
0.696,988.270935,470.537292,967.106384,221.02005,72.785614
0.7,988.354065,471.211212,967.156738,223.636017,74.781754
0.704,988.662109,471.006866,967.549316,226.286118,76.614563
0.708,988.817261,473.227539,967.76001,228.433502,78.39994
0.712,988.961243,474.565063,967.710754,230.217178,79.753876
0.716,989.779419,475.919647,967.805359,231.4608,81.824928
0.72,991.157532,477.038391,968.399597,232.877808,83.440491
0.724,991.936401,479.050262,968.422241,233.709915,84.865494
0.728,992.17395,480.736328,968.513184,233.418198,87.527115
0.732,993.019348,482.588623,968.691162,235.061249,87.165382
0.736,994.202698,484.858124,969.313782,235.383545,86.76886
0.74,994.951294,488.344635,970.052002,235.57045,89.325806
0.744,995.593567,487.969604,970.375488,237.420746,88.413818
0.748,996.266541,489.550568,970.999146,235.686249,90.346603
0.752,996.80719,491.050568,971.979858,237.63913,89.829422
0.756,997.312256,493.702301,972.948059,235.928131,93.312225
0.76,997.817688,494.927948,973.533386,235.694992,89.412949
0.764,998.322754,496.621155,975.030701,233.861694,89.553123
0.768,998.603027,498.382416,976.869202,233.103149,89.092415
0.772,998.916443,500.262177,977.228516,232.521255,88.920815
0.776,999.789917,500.841614,978.939453,231.588654,89.207657
0.78,1000.654358,501.196777,979.260559,229.000351,87.860481
0.784,1000.747498,504.967804,980.602722,226.657883,86.93766
0.788,1000.590515,505.401337,981.556335,225.040405,86.613617
0.792,1000.649719,506.387054,982.703491,224.156784,86.022903
0.796,1000.726379,508.501129,983.764587,219.683487,84.124542
0.8,1001.125793,508.775879,984.44635,216.948013,84.206131
0.804,1001.590271,509.957336,984.936584,213.907135,82.990913
0.808,1001.735901,511.322571,985.291077,211.863876,80.483719
0.812,1001.6604,512.812195,985.836487,208.462265,77.158409
0.816,1001.614258,514.305786,986.58606,205.833145,77.163513
0.82,1002.077759,515.432129,986.945862,202.674133,76.143791
0.824,1002.538086,516.668213,986.963135,199.299744,74.466949
0.828,1001.747009,518.00531,986.911438,195.871918,72.950424
0.832,1001.91333,519.00177,987.415283,192.765366,71.585609
0.836,1001.838379,519.9039310000001,987.573059,189.305161,70.190742
0.84,1001.236694,521.205627,987.16272,185.38768,68.839439
0.844,1000.775574,522.032898,987.339966,182.314194,67.630135
0.848,1000.73822,523.752808,985.875366,177.64592,66.776276
0.852,1000.917236,524.227661,987.536316,174.488266,65.684044
0.856,1000.830994,525.301514,986.739807,170.310318,63.881317
0.86,1001.446228,526.128052,988.660156,165.702927,62.301746
0.864,1000.183472,526.473694,987.786133,161.613586,61.455849
0.868,999.704285,526.888489,987.661926,158.092667,61.034172
0.872,999.566284,527.351868,987.378296,154.644318,59.425278
0.876,999.14093,528.089233,986.734009,151.036591,57.948013
0.88,998.924927,528.94165,986.507202,147.390884,57.152233
0.884,998.454773,528.388062,986.541382,143.722565,56.676727
0.888,998.174622,528.472961,985.162903,140.038956,56.345184
0.892,997.539063,528.525696,984.496094,136.314728,55.830841
0.896,996.222534,527.895325,984.356689,132.767197,55.64233
0.9,997.304688,528.451538,983.976379,129.561523,55.674335
0.904,997.016785,528.38324,983.772827,125.744591,55.644913
0.908,996.371094,527.810303,983.985718,122.463638,55.746399
0.912,996.674561,527.209961,983.199158,119.301865,55.317471
0.916,995.688477,526.50592,982.649658,115.975182,55.388447
0.92,994.826721,525.849426,981.544739,112.701439,56.338306
0.924,994.09259,525.216858,981.74292,109.653976,56.537708
0.928,993.967163,524.535339,981.622742,106.760864,57.581051
0.932,993.486084,523.300476,981.376343,104.333687,58.999889
0.936,992.397583,522.485046,980.898926,101.97403,60.598026
0.94,990.758667,521.681519,980.215698,99.371979,62.495907
0.944,990.969116,520.074585,979.604614,96.63961,60.357498
0.948,989.859558,518.13916,979.183594,94.480789,64.152374
0.952,990.579163,516.122437,978.600525,93.939285,67.023087
0.956,990.527344,514.694824,977.931091,91.915672,68.992195
0.96,990.240906,513.9820560000001,977.439697,90.870689,70.725418
0.964,990.270142,513.460205,976.833191,89.888245,73.696815
0.968,989.027283,511.244263,976.228271,88.835098,76.515625
0.972,989.424133,509.472961,975.790955,87.869644,78.918381
0.976,989.21405,507.900665,975.411621,87.505836,81.552551
0.98,988.65863,505.351288,974.892029,87.636627,84.415237
0.984,988.450256,502.828918,974.042664,87.485512,87.541588
0.988,988.508362,502.079346,973.23291,87.271141,90.461349
0.992,988.06366,501.223297,972.680054,87.692429,92.977859
0.996,986.456116,500.773712,972.300171,88.036003,95.500984
1.0,985.388489,498.289032,971.939026,87.512222,97.916306
1.004,984.962708,497.35498,970.934326,89.227089,100.273689
1.008,984.662476,495.566559,969.927734,88.991776,102.831573
1.012,984.289734,495.647369,969.652954,88.711006,105.437164
1.016,983.63446,493.418793,969.130615,87.862839,108.138184
1.02,982.438416,492.732452,968.412415,87.278603,107.489304
1.024,982.207336,492.051514,968.037842,87.699318,110.143143
1.028,982.400879,491.084961,967.657593,88.393929,109.243652
1.032,980.756531,490.327637,967.119934,86.831673,109.796761
1.036,980.062988,489.530762,966.596252,87.245674,109.595512
1.04,979.798584,488.780548,966.130676,86.919243,107.56131
1.044,979.045593,488.281799,965.548523,85.61705,105.428673
1.048,979.857971,487.767792,964.90741,84.046783,103.910423
1.052,980.249695,487.471436,964.807861,82.899834,101.352745
1.056,977.404358,487.042633,964.916077,81.439011,98.29425
1.06,977.670837,486.515991,964.480591,79.021736,95.60334
